nombre,correo,empresa,cumple,saldo
Cade Farrell,dolor.Nulla.semper@molestieSed.net,Mi Eleifend LLC,23/07/1998,23531
August Vance,nec@Morbinonsapien.co.uk,Vulputate Inc.,07/01/2000,2721
Cedric Simon,sed.dictum@consectetuercursus.edu,Aenean Eget Industries,17/01/1996,81
Marvin Booker,mollis.lectus.pede@ac.co.uk,Sollicitudin Industries,20/09/1999,17672
Leonard Conley,nec.leo.Morbi@aptent.com,Dapibus Rutrum Foundation,05/05/2000,12491
George Randall,nec.enim@Vestibulumante.net,Vulputate Risus A Associates,12/03/1996,17570
Aidan Pruitt,mauris.a.nunc@nequeetnunc.net,Etiam Bibendum LLC,27/04/1996,660
Levi Erickson,per.inceptos@sit.ca,Mauris Blandit Mattis Industries,23/09/1998,6553
Ira Dalton,molestie.tellus.Aenean@sapien.net,Dapibus Company,04/02/2001,1417
Leroy Blake,Aliquam.vulputate@consectetuereuismod.co.uk,Quis Industries,04/10/1999,4013
Xanthus Steele,enim.consequat@risus.net,Nec Euismod Inc.,28/05/1995,13062
Jackson Pittman,Proin.nisl@egestas.org,Curabitur Massa Limited,12/05/1999,16232
Gannon Holcomb,gravida.molestie@ultricesposuerecubilia.ca,Mauris Incorporated,31/01/1999,24615
Emmanuel Silva,iaculis.quis@Crasdolor.edu,Elementum Sem LLP,23/11/1999,8715
Deacon Gilmore,Proin.vel@nonummyultriciesornare.edu,Aenean Gravida Associates,04/11/1996,4816
Buckminster Owens,nunc.nulla@aliquetProin.co.uk,Iaculis Lacus Pede PC,22/10/1998,24401
Zachery Nash,nec.tempus.scelerisque@accumsansedfacilisis.co.uk,Ac Eleifend Vitae Associates,07/07/2000,13145
Evan Nelson,sem@eleifendCras.ca,Eu Turpis Nulla Ltd,20/03/2001,1053
Rafael Odom,vel.est.tempor@Proin.net,A Magna Limited,01/08/1995,8261
Prescott Ross,sed.pede@urnaNullamlobortis.edu,Nulla Aliquet Corp.,22/11/1999,4570
Malik Gilmore,pellentesque.eget@fermentumarcu.co.uk,Adipiscing LLC,15/07/1996,5799
Camden Maldonado,eget@ipsumCurabitur.edu,Sociis Inc.,24/02/1997,23327
Alec Mckay,arcu@egestasadui.co.uk,Vitae Erat LLC,19/02/1999,-1532
Dalton Stevenson,tortor@scelerisque.ca,Nisl Institute,24/01/1996,13290
Herrod Aguilar,Nullam.feugiat.placerat@acturpis.com,Arcu Incorporated,15/05/1995,7004
Ashton Dodson,tristique.ac@dolordapibusgravida.ca,Malesuada LLP,23/05/1995,12281
Fritz Turner,risus.varius.orci@ut.com,Vulputate Dui Incorporated,17/03/2000,4757
Damon Charles,aliquet@atvelit.ca,Justo Incorporated,21/10/1997,13276
Melvin Maynard,molestie@magna.edu,Pharetra Felis Eget Corp.,15/02/1996,21714
Seth Sullivan,eu@vulputaterisusa.com,Nisl Maecenas Malesuada Corp.,30/04/1997,18840
Leo Saunders,leo.Morbi@tellusjusto.org,Fringilla Est Corp.,12/01/1999,6197
Martin Buckley,Nulla.facilisis@eget.org,Duis Gravida Praesent Consulting,03/02/1997,19520
Reece Roman,nisl.Nulla@Integerin.co.uk,Felis Company,27/11/1998,17791
Talon Schwartz,Curabitur.consequat@Mauris.net,Mus Proin Vel Associates,02/09/1996,8040
Raphael Baird,Aliquam.ornare.libero@natoquepenatibuset.org,Ac Ipsum LLC,04/03/2001,1636
Lyle Bailey,sapien.Cras@aliquam.co.uk,Semper Dui Lectus Limited,26/10/1998,3549
Mason Reilly,et.magnis.dis@magnaNam.org,Aliquam Nec Industries,10/11/1998,-518
Christian Lopez,adipiscing@sapien.co.uk,Cras Dictum Ultricies PC,31/03/1999,5597
Donovan Nash,molestie@sitametluctus.net,Placerat Orci Company,22/06/1996,20324
Kelly Barron,velit.Quisque.varius@Uttinciduntorci.net,Senectus LLC,31/05/1996,3524
Honorato Schultz,malesuada@fringillapurusmauris.ca,Est Associates,14/04/2000,21657
Philip Stevenson,bibendum.fermentum@risus.co.uk,Consectetuer Adipiscing Elit Ltd,04/04/1998,20304
Oliver Wood,nec.ante.Maecenas@Namacnulla.co.uk,Nunc Quisque Incorporated,23/08/1995,513
Ciaran Silva,odio@nunc.edu,Netus Et Malesuada Inc.,17/04/1999,1726
Nathan Sexton,egestas.blandit.Nam@venenatisvelfaucibus.org,Erat Nonummy Corporation,24/04/1997,17890
John Crosby,eget@Donec.ca,Vitae Aliquam Eros PC,30/04/1997,17943
Hyatt Pearson,ante.Nunc@ridiculus.com,Orci Lobortis Industries,23/05/1997,1351
Hammett Dalton,in@Etiamvestibulum.org,A Felis Consulting,10/06/1996,4706
Igor Lopez,aliquet.lobortis.nisi@faucibusorciluctus.org,Sapien Cras Limited,24/02/2000,6691
Rafael Conner,a.auctor@adipiscingnonluctus.com,Fusce Mollis Duis LLC,09/08/1996,1530
Christian Bentley,vel.est.tempor@hymenaeosMauris.edu,Cum Sociis Incorporated,23/10/1999,-1375
Vladimir Osborne,amet.consectetuer.adipiscing@Nunc.edu,Sed Hendrerit A Inc.,15/10/2000,15207
Timothy Caldwell,adipiscing@cursusNuncmauris.org,Ut Associates,12/08/1996,-888
Rudyard Robinson,sapien.gravida@justonec.org,Suscipit Nonummy Industries,15/09/2000,-918
Timon Mcdaniel,Duis.dignissim.tempor@egetipsumDonec.edu,Nonummy Ac Limited,30/04/1998,10669
Mason Meyers,pede.blandit@rutrum.ca,Mus Inc.,27/06/1998,9056
Orlando Hester,Nunc.ac.sem@etrutrumeu.net,Imperdiet Dictum Magna Consulting,05/01/2001,7266
Keegan Rhodes,magna.et.ipsum@nuncsitamet.net,Cum Sociis Natoque PC,26/10/1998,24171
Aristotle Bell,Fusce@montesnascetur.com,Ut Corporation,11/07/1998,17694
Chester Mcfarland,tortor.Nunc.commodo@nulla.edu,Erat Eget Consulting,23/09/1997,7590
Lyle Meadows,egestas.hendrerit.neque@gravida.edu,Fusce Aliquet Magna Company,20/04/2000,7329
Dante Powell,metus@lacusCras.co.uk,Mauris Sit Amet LLP,23/11/1997,12471
Marvin Olson,Sed.congue.elit@loremsitamet.net,Elit Nulla Corp.,21/12/1995,3465
Caleb Barry,fringilla.ornare@euplacerat.com,Ante Bibendum LLP,29/05/1996,713
Orson Landry,nunc.nulla.vulputate@tincidunt.org,Semper Tellus Id Limited,03/04/1998,1943
Nasim Gill,egestas.Sed@tristiquealiquet.net,Cum Sociis Ltd,19/07/1995,18284
Jelani Yates,diam@facilisisnon.co.uk,Et Ultrices Posuere Incorporated,01/11/1996,21372
Elton Carlson,sed@euismodenim.com,Non LLP,19/12/1995,8765
Uriah Hayden,sit.amet.massa@adipiscinglacus.com,Et Magnis LLC,08/10/2000,19535
Emerson Fischer,metus.In@semmollis.co.uk,Proin Eget Odio Company,20/05/1997,11753
Stuart Wolfe,Donec.est.Nunc@mollisDuis.ca,Ipsum Limited,11/02/1996,17619
Nicholas England,et@necligula.edu,Enim Gravida Corp.,23/02/1998,3913
Cade Cummings,gravida.sit@blanditat.edu,Nulla Aliquet Corp.,23/12/1998,13722
Rigel Sweeney,Maecenas.ornare@anteNunc.com,Rutrum Non Industries,14/02/1999,3646
Steven Schmidt,metus.eu@variuseteuismod.net,Pharetra Corp.,18/02/1997,316
Cooper Lowery,risus.a.ultricies@diamdictum.org,In Nec Ltd,06/05/1997,4132
Baker Velasquez,semper.et@sodalespurus.co.uk,Penatibus Company,27/06/1998,20201
Arthur Atkinson,montes.nascetur@vulputaterisus.edu,Non Arcu Vivamus LLC,04/07/1996,12289
Derek Puckett,aptent.taciti.sociosqu@ipsumSuspendisse.ca,Eu Ltd,28/03/2000,16831
Kieran Cervantes,ante@orci.com,In Mi Industries,19/10/1999,18042
Clark Pennington,molestie.pharetra.nibh@facilisiseget.com,Quam Quis LLP,20/11/1999,47
Ryan Bates,arcu.Vivamus.sit@Fuscediamnunc.co.uk,Consequat Enim Diam Incorporated,06/10/1999,11001
Boris Lambert,enim@condimentum.edu,Fusce Dolor Quam Incorporated,05/10/1998,19508
Reuben Suarez,varius.ultrices.mauris@nibhdolornonummy.org,Nec Euismod In Associates,09/04/1999,20793
Rafael Duffy,Nam.nulla@tristique.com,Vitae Velit Egestas Foundation,06/07/1995,5418
Patrick Henson,vitae.mauris.sit@eusemPellentesque.edu,Facilisis Institute,22/06/1997,-952
Grant Burt,id@vitae.org,Varius Et Euismod Associates,23/06/2000,18241
Gavin Gardner,leo.in@dolorsit.co.uk,Eu Ultrices Inc.,07/03/1999,7938
Ali Elliott,diam.lorem@egetvariusultrices.edu,Id Mollis Nec Inc.,20/06/1999,17219
Cooper Baker,mauris.sapien.cursus@MorbimetusVivamus.co.uk,Ligula Eu Enim LLC,23/08/1999,4172
Philip Davenport,enim.Etiam.gravida@odiosempercursus.ca,Justo PC,17/11/1996,16975
Cain Hobbs,sagittis.Nullam@tellusSuspendissesed.ca,Mi LLP,17/09/1996,11442
Jakeem Parker,id.magna.et@Crasegetnisi.net,Sagittis Inc.,12/07/1997,1752
Uriah Oneil,dolor.quam@luctusvulputatenisi.co.uk,Vel Nisl Corporation,23/05/1998,12636
Griffith Davenport,rutrum.non@enim.org,Consectetuer Adipiscing Ltd,06/08/1997,22619
Kenyon Simon,libero@ataugue.co.uk,Leo Limited,18/11/2000,24419
Fletcher Bonner,imperdiet@enimnisl.org,Sem Eget Massa Company,02/03/2001,9590
Dexter Hunter,sodales@atsem.edu,Quis Turpis Vitae PC,05/06/1998,14988
Hyatt Copeland,rhoncus.id@Cras.edu,Nisi Nibh Lacinia Limited,07/02/1996,3856
Malachi French,Etiam.imperdiet@convallisestvitae.org,Integer Eu Lacus Corp.,16/01/1996,11422
