name,surname,address,phone
Uriah,Burris,558-855 Non St.,16010118 4349
Harding,Lee,764-3508 Aliquet. Street,16560326 8680
Hadassah,Maldonado,"P.O. Box 749, 4638 Mus. Rd.",16731224 2055
Maxwell,Wong,948-4336 Mauris Road,16430215 2139
MacKenzie,Palmer,"Ap #598-5341 Montes, St.",16350612 7178
Jillian,Benton,582-2040 Congue Ave,16690923 4020
Rae,Talley,3383 Ut Ave,16720316 9599
Demetria,Trevino,Ap #934-2931 Malesuada. Rd.,16760408 0502
Ralph,Johnston,Ap #499-4333 Magnis Avenue,16061216 0671
Mollie,Delacruz,"P.O. Box 700, 5881 In Avenue",16091026 0116
Lynn,Dickerson,"P.O. Box 450, 2756 Nulla Road",16020411 2569
Ora,Frazier,480-6279 Lorem Rd.,16231006 5467
Zoe,Shelton,Ap #516-8330 Phasellus Ave,16781010 0847
Daquan,Myers,"P.O. Box 985, 8198 Lobortis Ave",16040625 2213
Orlando,Vang,Ap #377-1282 Sit Av.,16851026 5765
Mara,Nelson,"P.O. Box 464, 9817 Ut, St.",16431014 4250
Phyllis,Duncan,Ap #445-1044 Dolor St.,16050114 7417
Irma,Britt,Ap #740-6555 Molestie St.,16200804 8965
Mikayla,Rasmussen,209-2208 Est. St.,16410602 2686
Cheryl,Riley,430-983 Magnis Avenue,16721111 1799
Gloria,Morton,"Ap #827-1996 Ac, Street",16840322 2048
Galena,Spence,3415 Sed Rd.,16571007 5275
Lester,Gutierrez,106-8711 At Street,16591021 2462
Camilla,Webb,"P.O. Box 863, 6635 Venenatis St.",16080513 7205
Phillip,Oconnor,136-7170 Ornare. Av.,16370508 8833
Fulton,Knox,193-9349 Tempus Rd.,16160308 8046
Beverly,Mcneil,1491 Elit. Av.,16320824 2168
Amaya,Daugherty,"P.O. Box 198, 9165 Lorem, Avenue",16151019 4523
Lillith,Stephenson,383-9857 Accumsan Av.,16090913 5857
Stephanie,Robinson,"P.O. Box 561, 110 Nisl Rd.",16110501 1504
Cadman,Moran,"P.O. Box 563, 756 Lorem, Ave",16230826 3595
Tanner,Lynch,Ap #193-1227 Justo. St.,16990706 9620
Vera,Smith,"Ap #510-7081 Vulputate, Rd.",16701110 7575
Lydia,Goff,118-5271 Pretium Av.,16800528 1541
Germaine,Mccray,Ap #626-1337 Urna Street,16641211 1111
Regina,Wood,"P.O. Box 213, 3923 Non Rd.",16721008 1670
Jolie,Levine,Ap #488-1783 Diam. Rd.,16180218 9520
Dolan,Farrell,Ap #937-985 Ridiculus Street,16140311 6013
Dustin,Abbott,7579 Ultricies St.,16950221 1494
Orlando,Pearson,Ap #270-1269 Vivamus Ave,16561004 0429
Mira,Castillo,"P.O. Box 953, 707 Vitae Ave",16230124 9450
Wynter,Bowen,Ap #606-1043 Nibh. Av.,16320702 2884
Nelle,Baxter,9354 At Rd.,16800221 8801
Cynthia,Hardy,Ap #261-697 Volutpat Rd.,16871001 2645
Olga,Blanchard,514-5746 Metus Av.,16010225 1469
Otto,Bowers,Ap #348-6117 Sed Street,16191022 0340
Andrew,Hammond,6783 Porttitor Av.,16351023 8847
Kendall,Hooper,185-4904 Dolor Street,16841030 8277
Richard,Paul,"P.O. Box 661, 5251 Fusce Street",16730202 8720
Mechelle,Schroeder,Ap #159-7229 Fusce Rd.,16521112 3376
Brody,Compton,"P.O. Box 167, 8034 Maecenas St.",16970214 4446
Jordan,Roach,908-6070 Sodales Street,16260727 5753
Palmer,Cobb,"P.O. Box 592, 1041 Ligula Av.",16680214 5786
Cheyenne,Thompson,4935 Facilisis Av.,16670927 2931
Leroy,Neal,291-2997 Nullam Rd.,16730327 8977
Deborah,Wilkinson,963-6063 Diam St.,16790402 8698
Nayda,Williams,Ap #864-8692 Metus Rd.,16220615 5661
Constance,Harrell,"476 Ut, Ave",16870815 7956
Gay,Kemp,818-5476 Mi Rd.,16950124 2292
Katell,Bowen,"P.O. Box 220, 7348 Orci, St.",16830826 1471
Ingrid,Kline,"P.O. Box 398, 4980 Ante Rd.",16620707 9127
Caleb,Simmons,"Ap #713-3950 Pellentesque, St.",16361203 7170
Nomlanga,Colon,2983 Scelerisque Av.,16060905 4689
Quyn,Barry,Ap #570-2382 Massa. Street,16800724 9892
Hasad,Vargas,"P.O. Box 591, 1043 Est, Rd.",16980403 0139
Rose,Bowen,"P.O. Box 228, 8141 Libero Rd.",16340110 0437
Kimberley,Bonner,Ap #469-5385 Molestie Rd.,16390126 9757
Jolie,Peterson,Ap #574-2240 Praesent Street,16411111 2134
Germane,Moss,"P.O. Box 471, 9471 Non Rd.",16020214 3822
Colton,Evans,"P.O. Box 187, 6664 Orci Road",16350415 5023
Drew,Dalton,"P.O. Box 761, 4960 Et, Street",16390505 8636
Jolene,Parrish,"P.O. Box 726, 9405 Molestie Avenue",16720410 8828
Isaiah,Baker,Ap #733-847 Orci. Ave,16880917 2573
Dolan,Frazier,Ap #370-6590 Quisque St.,16260303 9666
Fletcher,Terrell,"P.O. Box 827, 2321 At St.",16510930 0862
Bryar,Carver,"P.O. Box 621, 7986 Integer Road",16531101 3394
Delilah,Calhoun,"Ap #994-805 A, Rd.",16230626 2581
Derek,Perry,215-6543 Ornare. St.,16550101 2578
Brenden,Lott,Ap #747-2472 Ut Ave,16170810 8509
Paul,Shaw,"P.O. Box 549, 2857 Et Rd.",16310628 6895
Brianna,Booker,"P.O. Box 151, 8654 Nunc Ave",16230606 8814
Leo,Sanford,"P.O. Box 826, 6084 Cras Ave",16580922 6979
Arthur,House,471-2044 Elit St.,16831113 6215
Ulla,Bernard,266-2137 Dui. Road,16850121 0606
Ezekiel,Holman,323-8240 Duis Rd.,16030607 3818
Blaine,Carrillo,"P.O. Box 735, 3248 Eu Ave",16371108 1996
Buckminster,Castaneda,783-6716 Maecenas Av.,16381127 3790
Kato,Valdez,"P.O. Box 253, 9094 Vulputate, Ave",16380710 1161
Gareth,Langley,Ap #434-5104 Tincidunt St.,16561008 4047
Quyn,Vang,285-9513 Aliquam Rd.,16840221 4640
Raven,Burke,9880 Quis Avenue,16841029 7280
Britanni,Noel,352-1429 Justo Ave,16910623 6079
Josephine,Hancock,"Ap #340-599 Ornare, Road",16741011 1152
Fitzgerald,Underwood,"P.O. Box 414, 2320 Facilisis. Rd.",16490212 7655
Calista,Finch,"P.O. Box 217, 7037 Velit St.",16191217 9593
Phillip,Hensley,Ap #945-7716 Aliquam Rd.,16111103 4706
Martin,Pace,"P.O. Box 272, 5742 Parturient Road",16990630 2600
Tallulah,Morrow,"Ap #594-171 Amet, Rd.",16330620 7550
Holmes,Olsen,"P.O. Box 902, 5453 Ipsum Ave",16000729 6171
Shaeleigh,Marsh,451-3325 Dolor Ave,16280718 8392