,id,text
0,1452750027919613953,"RT @MKBHD: Fun fact, right in the middle of #techtober is Ultimate frisbee's club National Championships, which is where I've been for the‚Ä¶"
1,1452741092491862016,RT @SuperSaf: I hear there will be a LOT of videos dropping today? ü§î #Techtober
2,1452731032294264842,"RT @MKBHD: Fun fact, right in the middle of #techtober is Ultimate frisbee's club National Championships, which is where I've been for the‚Ä¶"
3,1452726727050936326,"RT @MKBHD: Fun fact, right in the middle of #techtober is Ultimate frisbee's club National Championships, which is where I've been for the‚Ä¶"
4,1452726584234938377,RT @willduwiildu: I hear there will be a LOT of videos dropping today? ü§î #Techtober
5,1452726517482594304,I love #techtober
6,1452723771563917313,"RT @MKBHD: Fun fact, right in the middle of #techtober is Ultimate frisbee's club National Championships, which is where I've been for the‚Ä¶"
7,1452707541276823556,"RT @MKBHD: Fun fact, right in the middle of #techtober is Ultimate frisbee's club National Championships, which is where I've been for the‚Ä¶"
8,1452704500138057739,"RT @MKBHD: Fun fact, right in the middle of #techtober is Ultimate frisbee's club National Championships, which is where I've been for the‚Ä¶"
9,1452695063889203202,"RT @MKBHD: Fun fact, right in the middle of #techtober is Ultimate frisbee's club National Championships, which is where I've been for the‚Ä¶"
10,1452687106648821761,I don't think my wallet is ready for the @sony #XperiaProI ....damn you #techtober
11,1452685028530458629,Can somebody please remind me what I‚Äôm allowed to talk about now and what‚Äôs still under embargo? #techtober
12,1452679346334752778,"RT @MKBHD: Fun fact, right in the middle of #techtober is Ultimate frisbee's club National Championships, which is where I've been for the‚Ä¶"
13,1452677991260119051,@EdemReigns Just love it. #techtober
14,1452676841936805890,"RT @MKBHD: Fun fact, right in the middle of #techtober is Ultimate frisbee's club National Championships, which is where I've been for the‚Ä¶"
15,1452674348964139008,RT @SuperSaf: I hear there will be a LOT of videos dropping today? ü§î #Techtober
16,1452670469514141697,"RT @MKBHD: Fun fact, right in the middle of #techtober is Ultimate frisbee's club National Championships, which is where I've been for the‚Ä¶"
17,1452670398970019842,@MKBHD #techtober
18,1452669772550787077,RT @SuperSaf: I hear there will be a LOT of videos dropping today? ü§î #Techtober
19,1452669139324219400,"RT @MKBHD: Fun fact, right in the middle of #techtober is Ultimate frisbee's club National Championships, which is where I've been for the‚Ä¶"
20,1452668629183467523,RT @SuperSaf: I hear there will be a LOT of videos dropping today? ü§î #Techtober
21,1452661612763025413,RT @SuperSaf: I hear there will be a LOT of videos dropping today? ü§î #Techtober
22,1452659802191061010,"RT @MKBHD: Fun fact, right in the middle of #techtober is Ultimate frisbee's club National Championships, which is where I've been for the‚Ä¶"
23,1452659238774263814,RT @SuperSaf: I hear there will be a LOT of videos dropping today? ü§î #Techtober
24,1452657107610726404,"RT @MKBHD: Fun fact, right in the middle of #techtober is Ultimate frisbee's club National Championships, which is where I've been for the‚Ä¶"
25,1452654573487861767,"RT @MKBHD: Fun fact, right in the middle of #techtober is Ultimate frisbee's club National Championships, which is where I've been for the‚Ä¶"
26,1452654173133189124,M1 Max is en route #techtober
27,1452654088282419201,"RT @MKBHD: Fun fact, right in the middle of #techtober is Ultimate frisbee's club National Championships, which is where I've been for the‚Ä¶"
28,1452653688917528583,"RT @MKBHD: Fun fact, right in the middle of #techtober is Ultimate frisbee's club National Championships, which is where I've been for the‚Ä¶"
29,1452650577004056588,"RT @MKBHD: Fun fact, right in the middle of #techtober is Ultimate frisbee's club National Championships, which is where I've been for the‚Ä¶"
30,1452648405667299341,"RT @MKBHD: Fun fact, right in the middle of #techtober is Ultimate frisbee's club National Championships, which is where I've been for the‚Ä¶"
31,1452646808870547462,"RT @MKBHD: Fun fact, right in the middle of #techtober is Ultimate frisbee's club National Championships, which is where I've been for the‚Ä¶"
32,1452646017321488388,"RT @MKBHD: Fun fact, right in the middle of #techtober is Ultimate frisbee's club National Championships, which is where I've been for the‚Ä¶"
33,1452644900634173440,RT @willduwiildu: I hear there will be a LOT of videos dropping today? ü§î #Techtober
34,1452642992083193865,"RT @MKBHD: Fun fact, right in the middle of #techtober is Ultimate frisbee's club National Championships, which is where I've been for the‚Ä¶"
35,1452640662977867779,RT @SuperSaf: I hear there will be a LOT of videos dropping today? ü§î #Techtober
36,1452636156399521801,"RT @MKBHD: Fun fact, right in the middle of #techtober is Ultimate frisbee's club National Championships, which is where I've been for the‚Ä¶"
37,1452634437867479040,"RT @MKBHD: Fun fact, right in the middle of #techtober is Ultimate frisbee's club National Championships, which is where I've been for the‚Ä¶"
38,1452634006726533120,RT @SuperSaf: I hear there will be a LOT of videos dropping today? ü§î #Techtober
39,1452633565083090952,@PGelsinger #Techtober #IntelOn
40,1452629112233758731,"minggu yang gila, semua akan review MacBook Pro, AirPods 3, HomePod Mini, Google Pixel 6, &amp; Sony Xperia Event ü§Ø #techtober"
41,1452628326435090434,RT @willduwiildu: I hear there will be a LOT of videos dropping today? ü§î #Techtober
42,1452625922847219719,Guys when is the embargo for pixels lifting??? #techtober @googlepixel @MKBHD @Mrwhosetheboss @SuperSaf
43,1452625157562912783,RT @SuperSaf: I hear there will be a LOT of videos dropping today? ü§î #Techtober
44,1452624429436051456,"RT @MKBHD: Fun fact, right in the middle of #techtober is Ultimate frisbee's club National Championships, which is where I've been for the‚Ä¶"
45,1452623616151986180,"RT @MKBHD: Fun fact, right in the middle of #techtober is Ultimate frisbee's club National Championships, which is where I've been for the‚Ä¶"
46,1452620121793564680,RT @SuperSaf: I hear there will be a LOT of videos dropping today? ü§î #Techtober
47,1452619619865407494,"RT @MKBHD: Fun fact, right in the middle of #techtober is Ultimate frisbee's club National Championships, which is where I've been for the‚Ä¶"
48,1452618782736801796,#techtober #techtober #techtober @MKBHD https://t.co/2nmS8zYUWu
49,1452616830175023106,RT @SuperSaf: I hear there will be a LOT of videos dropping today? ü§î #Techtober
50,1452612649724809222,RT @SuperSaf: I hear there will be a LOT of videos dropping today? ü§î #Techtober
51,1452610018352799748,RT @SuperSaf: I hear there will be a LOT of videos dropping today? ü§î #Techtober
52,1452609874156822538,"RT @MKBHD: Fun fact, right in the middle of #techtober is Ultimate frisbee's club National Championships, which is where I've been for the‚Ä¶"
53,1452606566096535554,RT @SuperSaf: I hear there will be a LOT of videos dropping today? ü§î #Techtober
54,1452604968423333908,RT @SuperSaf: I hear there will be a LOT of videos dropping today? ü§î #Techtober
55,1452604964665126918,RT @SuperSaf: I hear there will be a LOT of videos dropping today? ü§î #Techtober
56,1452604410152964099,RT @SuperSaf: I hear there will be a LOT of videos dropping today? ü§î #Techtober
57,1452603403121528833,"RT @MKBHD: Fun fact, right in the middle of #techtober is Ultimate frisbee's club National Championships, which is where I've been for the‚Ä¶"
58,1452602805349457921,@SuperSaf @willduwiildu Techtober has us all thinking the same thing across the globe ü§ò#Techtober https://t.co/nwNdDitah2
59,1452602489715449860,I hear there will be a LOT of videos dropping today? ü§î #Techtober
60,1452597443275677701,RT @SuperSaf: I hear there will be a LOT of videos dropping today? ü§î #Techtober
61,1452597190413758464,RT @willduwiildu: I hear there will be a LOT of videos dropping today? ü§î #Techtober
62,1452596999266742276,RT @SuperSaf: I hear there will be a LOT of videos dropping today? ü§î #Techtober
63,1452596973794729987,RT @willduwiildu: I hear there will be a LOT of videos dropping today? ü§î #Techtober
64,1452596896493604864,I hear there will be a LOT of videos dropping today? ü§î #Techtober
65,1452596856760930304,RT @SuperSaf: I hear there will be a LOT of videos dropping today? ü§î #Techtober
66,1452596785679982594,RT @SuperSaf: I hear there will be a LOT of videos dropping today? ü§î #Techtober
67,1452596683964129284,I hear there will be a LOT of videos dropping today? ü§î #Techtober
68,1452585581326659589,"RT @MKBHD: Fun fact, right in the middle of #techtober is Ultimate frisbee's club National Championships, which is where I've been for the‚Ä¶"
69,1452584219109208068,"RT @MKBHD: Fun fact, right in the middle of #techtober is Ultimate frisbee's club National Championships, which is where I've been for the‚Ä¶"
70,1452582992958967815,"RT @MKBHD: Fun fact, right in the middle of #techtober is Ultimate frisbee's club National Championships, which is where I've been for the‚Ä¶"
71,1452582406356094976,"RT @MKBHD: Fun fact, right in the middle of #techtober is Ultimate frisbee's club National Championships, which is where I've been for the‚Ä¶"
72,1452577579760824322,"RT @MKBHD: Fun fact, right in the middle of #techtober is Ultimate frisbee's club National Championships, which is where I've been for the‚Ä¶"
73,1452574183200808969,"RT @MKBHD: Fun fact, right in the middle of #techtober is Ultimate frisbee's club National Championships, which is where I've been for the‚Ä¶"
74,1452570941121122308,"RT @MKBHD: Fun fact, right in the middle of #techtober is Ultimate frisbee's club National Championships, which is where I've been for the‚Ä¶"
75,1452569124165533704,"RT @jolladevices: [Store POLL]
Which of these devices you want to see it available this fall?
#poll #techtober #jolladevicestore"
76,1452567617110253570,"RT @MKBHD: Fun fact, right in the middle of #techtober is Ultimate frisbee's club National Championships, which is where I've been for the‚Ä¶"
77,1452562325710327817,"RT @MKBHD: Fun fact, right in the middle of #techtober is Ultimate frisbee's club National Championships, which is where I've been for the‚Ä¶"
78,1452561853020835847,"RT @MKBHD: Fun fact, right in the middle of #techtober is Ultimate frisbee's club National Championships, which is where I've been for the‚Ä¶"
79,1452560783888588809,"RT @MKBHD: Fun fact, right in the middle of #techtober is Ultimate frisbee's club National Championships, which is where I've been for the‚Ä¶"
80,1452560165740371968,"RT @MKBHD: Fun fact, right in the middle of #techtober is Ultimate frisbee's club National Championships, which is where I've been for the‚Ä¶"
81,1452559655620730884,"RT @MKBHD: Fun fact, right in the middle of #techtober is Ultimate frisbee's club National Championships, which is where I've been for the‚Ä¶"
82,1452558904206970880,"RT @MKBHD: Fun fact, right in the middle of #techtober is Ultimate frisbee's club National Championships, which is where I've been for the‚Ä¶"
83,1452557807241281539,"RT @MKBHD: Fun fact, right in the middle of #techtober is Ultimate frisbee's club National Championships, which is where I've been for the‚Ä¶"
84,1452556619376517120,"RT @MKBHD: Fun fact, right in the middle of #techtober is Ultimate frisbee's club National Championships, which is where I've been for the‚Ä¶"
85,1452552070301618178,"RT @MKBHD: Fun fact, right in the middle of #techtober is Ultimate frisbee's club National Championships, which is where I've been for the‚Ä¶"
86,1452549898252001286,"RT @MKBHD: Fun fact, right in the middle of #techtober is Ultimate frisbee's club National Championships, which is where I've been for the‚Ä¶"
87,1452548985852416005,"RT @MKBHD: Fun fact, right in the middle of #techtober is Ultimate frisbee's club National Championships, which is where I've been for the‚Ä¶"
88,1452547425122635782,"RT @MKBHD: Fun fact, right in the middle of #techtober is Ultimate frisbee's club National Championships, which is where I've been for the‚Ä¶"
89,1452541128935346177,"RT @MKBHD: Fun fact, right in the middle of #techtober is Ultimate frisbee's club National Championships, which is where I've been for the‚Ä¶"
90,1452539993151397892,"RT @MKBHD: Fun fact, right in the middle of #techtober is Ultimate frisbee's club National Championships, which is where I've been for the‚Ä¶"
91,1452538485978451975,"RT @MKBHD: Fun fact, right in the middle of #techtober is Ultimate frisbee's club National Championships, which is where I've been for the‚Ä¶"
92,1452538293678190595,"RT @MKBHD: Fun fact, right in the middle of #techtober is Ultimate frisbee's club National Championships, which is where I've been for the‚Ä¶"
93,1452537853779472386,"RT @MKBHD: Fun fact, right in the middle of #techtober is Ultimate frisbee's club National Championships, which is where I've been for the‚Ä¶"
94,1452536545949409281,RT @Techwithdom: Tech Tip: Not working? Turn it off and on again! üòÄ #MondayMotivation #mondaythoughts #tech #techsupport #itsupport #tech #‚Ä¶
95,1452534233294069760,"[Store POLL]
Which of these devices you want to see it available this fall?
#poll #techtober #jolladevicestore"
96,1452533585861398529,Tech Tip: Not working? Turn it off and on again! üòÄ #MondayMotivation #mondaythoughts #tech #techsupport #itsupport #tech #technology #lifetips #life #remotework #techtober #computers #electronics #MondayMorning #Monday #ADVICE
97,1452529102322294784,"RT @MKBHD: Fun fact, right in the middle of #techtober is Ultimate frisbee's club National Championships, which is where I've been for the‚Ä¶"
98,1452527744852664324,"RT @MKBHD: Fun fact, right in the middle of #techtober is Ultimate frisbee's club National Championships, which is where I've been for the‚Ä¶"
99,1452525602972606466,"RT @MKBHD: Fun fact, right in the middle of #techtober is Ultimate frisbee's club National Championships, which is where I've been for the‚Ä¶"
0,1452524067198836736,"RT @MKBHD: Fun fact, right in the middle of #techtober is Ultimate frisbee's club National Championships, which is where I've been for the‚Ä¶"
1,1452523378741583877,"RT @MKBHD: Fun fact, right in the middle of #techtober is Ultimate frisbee's club National Championships, which is where I've been for the‚Ä¶"
2,1452522928977887234,"RT @MKBHD: Fun fact, right in the middle of #techtober is Ultimate frisbee's club National Championships, which is where I've been for the‚Ä¶"
3,1452521610716532738,"RT @MKBHD: Fun fact, right in the middle of #techtober is Ultimate frisbee's club National Championships, which is where I've been for the‚Ä¶"
4,1452521400749772804,"RT @MKBHD: Fun fact, right in the middle of #techtober is Ultimate frisbee's club National Championships, which is where I've been for the‚Ä¶"
5,1452520587637583873,"RT @MKBHD: Fun fact, right in the middle of #techtober is Ultimate frisbee's club National Championships, which is where I've been for the‚Ä¶"
6,1452519677104730112,"RT @MKBHD: Fun fact, right in the middle of #techtober is Ultimate frisbee's club National Championships, which is where I've been for the‚Ä¶"
7,1452519551007174659,"RT @MKBHD: Fun fact, right in the middle of #techtober is Ultimate frisbee's club National Championships, which is where I've been for the‚Ä¶"
8,1452519153173204992,"RT @MKBHD: Fun fact, right in the middle of #techtober is Ultimate frisbee's club National Championships, which is where I've been for the‚Ä¶"
9,1452516894611750915,"RT @MKBHD: Fun fact, right in the middle of #techtober is Ultimate frisbee's club National Championships, which is where I've been for the‚Ä¶"
0,1452516586796064768,"RT @MKBHD: Fun fact, right in the middle of #techtober is Ultimate frisbee's club National Championships, which is where I've been for the‚Ä¶"
1,1452515238205612036,"RT @MKBHD: Fun fact, right in the middle of #techtober is Ultimate frisbee's club National Championships, which is where I've been for the‚Ä¶"
2,1452513875996278786,"RT @MKBHD: Fun fact, right in the middle of #techtober is Ultimate frisbee's club National Championships, which is where I've been for the‚Ä¶"
3,1452511669444386819,"RT @MKBHD: Fun fact, right in the middle of #techtober is Ultimate frisbee's club National Championships, which is where I've been for the‚Ä¶"
4,1452511034464419841,"RT @MKBHD: Fun fact, right in the middle of #techtober is Ultimate frisbee's club National Championships, which is where I've been for the‚Ä¶"
5,1452510047947268097,"RT @MKBHD: Fun fact, right in the middle of #techtober is Ultimate frisbee's club National Championships, which is where I've been for the‚Ä¶"
6,1452509742035779588,"RT @MKBHD: Fun fact, right in the middle of #techtober is Ultimate frisbee's club National Championships, which is where I've been for the‚Ä¶"
7,1452509627338276866,"RT @MKBHD: Fun fact, right in the middle of #techtober is Ultimate frisbee's club National Championships, which is where I've been for the‚Ä¶"
8,1452506864915206148,"RT @MKBHD: Fun fact, right in the middle of #techtober is Ultimate frisbee's club National Championships, which is where I've been for the‚Ä¶"
9,1452505198723731456,"RT @MKBHD: Fun fact, right in the middle of #techtober is Ultimate frisbee's club National Championships, which is where I've been for the‚Ä¶"
0,1452503400055128067,"RT @MKBHD: Fun fact, right in the middle of #techtober is Ultimate frisbee's club National Championships, which is where I've been for the‚Ä¶"
1,1452503204227321861,"RT @MKBHD: Fun fact, right in the middle of #techtober is Ultimate frisbee's club National Championships, which is where I've been for the‚Ä¶"
2,1452501492808646659,"RT @MKBHD: Fun fact, right in the middle of #techtober is Ultimate frisbee's club National Championships, which is where I've been for the‚Ä¶"
3,1452500750249168905,"RT @MKBHD: Fun fact, right in the middle of #techtober is Ultimate frisbee's club National Championships, which is where I've been for the‚Ä¶"
4,1452499456004296712,"RT @MKBHD: Fun fact, right in the middle of #techtober is Ultimate frisbee's club National Championships, which is where I've been for the‚Ä¶"
5,1452498734374400005,"RT @MKBHD: Fun fact, right in the middle of #techtober is Ultimate frisbee's club National Championships, which is where I've been for the‚Ä¶"
6,1452494638879678467,"RT @MKBHD: Fun fact, right in the middle of #techtober is Ultimate frisbee's club National Championships, which is where I've been for the‚Ä¶"
7,1452491953258516483,"RT @MKBHD: Fun fact, right in the middle of #techtober is Ultimate frisbee's club National Championships, which is where I've been for the‚Ä¶"
8,1452491246627221510,"RT @MKBHD: Fun fact, right in the middle of #techtober is Ultimate frisbee's club National Championships, which is where I've been for the‚Ä¶"
9,1452491014883528708,"RT @MKBHD: Fun fact, right in the middle of #techtober is Ultimate frisbee's club National Championships, which is where I've been for the‚Ä¶"
0,1452490252442996741,"RT @MKBHD: Fun fact, right in the middle of #techtober is Ultimate frisbee's club National Championships, which is where I've been for the‚Ä¶"
1,1452489972037169153,"RT @MKBHD: Fun fact, right in the middle of #techtober is Ultimate frisbee's club National Championships, which is where I've been for the‚Ä¶"
2,1452489310339354626,"RT @MKBHD: Fun fact, right in the middle of #techtober is Ultimate frisbee's club National Championships, which is where I've been for the‚Ä¶"
3,1452488211159261187,"RT @MKBHD: Fun fact, right in the middle of #techtober is Ultimate frisbee's club National Championships, which is where I've been for the‚Ä¶"
4,1452486412180152328,"RT @MKBHD: Fun fact, right in the middle of #techtober is Ultimate frisbee's club National Championships, which is where I've been for the‚Ä¶"
5,1452486058550169600,"RT @MKBHD: Fun fact, right in the middle of #techtober is Ultimate frisbee's club National Championships, which is where I've been for the‚Ä¶"
6,1452484348779786243,"RT @MKBHD: Fun fact, right in the middle of #techtober is Ultimate frisbee's club National Championships, which is where I've been for the‚Ä¶"
7,1452483906524127238,"RT @MKBHD: Fun fact, right in the middle of #techtober is Ultimate frisbee's club National Championships, which is where I've been for the‚Ä¶"
8,1452482509594193920,"RT @MKBHD: Fun fact, right in the middle of #techtober is Ultimate frisbee's club National Championships, which is where I've been for the‚Ä¶"
9,1452481969217015812,"RT @MKBHD: Fun fact, right in the middle of #techtober is Ultimate frisbee's club National Championships, which is where I've been for the‚Ä¶"
0,1452480076805640198,"RT @MKBHD: Fun fact, right in the middle of #techtober is Ultimate frisbee's club National Championships, which is where I've been for the‚Ä¶"
1,1452479651528384516,"RT @MKBHD: Fun fact, right in the middle of #techtober is Ultimate frisbee's club National Championships, which is where I've been for the‚Ä¶"
2,1452479359495782401,"RT @MKBHD: Fun fact, right in the middle of #techtober is Ultimate frisbee's club National Championships, which is where I've been for the‚Ä¶"
3,1452478835048341507,"RT @MKBHD: Fun fact, right in the middle of #techtober is Ultimate frisbee's club National Championships, which is where I've been for the‚Ä¶"
4,1452477092101165066,"RT @MKBHD: Fun fact, right in the middle of #techtober is Ultimate frisbee's club National Championships, which is where I've been for the‚Ä¶"
5,1452474809493835776,"RT @MKBHD: Fun fact, right in the middle of #techtober is Ultimate frisbee's club National Championships, which is where I've been for the‚Ä¶"
6,1452473923090542597,"RT @MKBHD: Fun fact, right in the middle of #techtober is Ultimate frisbee's club National Championships, which is where I've been for the‚Ä¶"
7,1452473841561718790,"RT @MKBHD: Fun fact, right in the middle of #techtober is Ultimate frisbee's club National Championships, which is where I've been for the‚Ä¶"
8,1452472647736971269,"RT @MKBHD: Fun fact, right in the middle of #techtober is Ultimate frisbee's club National Championships, which is where I've been for the‚Ä¶"
9,1452470150515486722,"RT @MKBHD: Fun fact, right in the middle of #techtober is Ultimate frisbee's club National Championships, which is where I've been for the‚Ä¶"
0,1452470101282725889,"RT @MKBHD: Fun fact, right in the middle of #techtober is Ultimate frisbee's club National Championships, which is where I've been for the‚Ä¶"
1,1452469512767356933,"RT @MKBHD: Fun fact, right in the middle of #techtober is Ultimate frisbee's club National Championships, which is where I've been for the‚Ä¶"
2,1452469497487499266,"RT @MKBHD: Fun fact, right in the middle of #techtober is Ultimate frisbee's club National Championships, which is where I've been for the‚Ä¶"
3,1452469033144655881,"RT @MKBHD: Fun fact, right in the middle of #techtober is Ultimate frisbee's club National Championships, which is where I've been for the‚Ä¶"
4,1452468937996836875,"RT @MKBHD: Fun fact, right in the middle of #techtober is Ultimate frisbee's club National Championships, which is where I've been for the‚Ä¶"
5,1452468212981981184,"RT @MKBHD: Fun fact, right in the middle of #techtober is Ultimate frisbee's club National Championships, which is where I've been for the‚Ä¶"
6,1452464760562278408,"RT @MKBHD: Fun fact, right in the middle of #techtober is Ultimate frisbee's club National Championships, which is where I've been for the‚Ä¶"
7,1452464549198585860,"RT @MKBHD: Fun fact, right in the middle of #techtober is Ultimate frisbee's club National Championships, which is where I've been for the‚Ä¶"
8,1452462631634173952,"RT @MKBHD: Fun fact, right in the middle of #techtober is Ultimate frisbee's club National Championships, which is where I've been for the‚Ä¶"
9,1452460859796557826,"RT @MKBHD: Fun fact, right in the middle of #techtober is Ultimate frisbee's club National Championships, which is where I've been for the‚Ä¶"
0,1452460365426593795,"RT @MKBHD: Fun fact, right in the middle of #techtober is Ultimate frisbee's club National Championships, which is where I've been for the‚Ä¶"
1,1452459039103717378,"RT @MKBHD: Fun fact, right in the middle of #techtober is Ultimate frisbee's club National Championships, which is where I've been for the‚Ä¶"
2,1452457045349765129,#Techtober
3,1452456443928588290,"RT @MKBHD: Fun fact, right in the middle of #techtober is Ultimate frisbee's club National Championships, which is where I've been for the‚Ä¶"
4,1452455533844172803,"RT @MKBHD: Fun fact, right in the middle of #techtober is Ultimate frisbee's club National Championships, which is where I've been for the‚Ä¶"
5,1452455481075658752,"RT @MKBHD: Fun fact, right in the middle of #techtober is Ultimate frisbee's club National Championships, which is where I've been for the‚Ä¶"
6,1452455189504421890,"RT @MKBHD: Fun fact, right in the middle of #techtober is Ultimate frisbee's club National Championships, which is where I've been for the‚Ä¶"
7,1452454520399691776,"RT @MKBHD: Fun fact, right in the middle of #techtober is Ultimate frisbee's club National Championships, which is where I've been for the‚Ä¶"
8,1452454403949137928,"RT @MKBHD: Fun fact, right in the middle of #techtober is Ultimate frisbee's club National Championships, which is where I've been for the‚Ä¶"
9,1452454204497268736,"RT @MKBHD: Fun fact, right in the middle of #techtober is Ultimate frisbee's club National Championships, which is where I've been for the‚Ä¶"
0,1452453062841413643,"RT @MKBHD: Fun fact, right in the middle of #techtober is Ultimate frisbee's club National Championships, which is where I've been for the‚Ä¶"
1,1452452115557744640,"RT @MKBHD: Fun fact, right in the middle of #techtober is Ultimate frisbee's club National Championships, which is where I've been for the‚Ä¶"
2,1452451474609410049,"RT @MKBHD: Fun fact, right in the middle of #techtober is Ultimate frisbee's club National Championships, which is where I've been for the‚Ä¶"
3,1452450821476524033,"RT @MKBHD: Fun fact, right in the middle of #techtober is Ultimate frisbee's club National Championships, which is where I've been for the‚Ä¶"
4,1452449416661590019,"RT @MKBHD: Fun fact, right in the middle of #techtober is Ultimate frisbee's club National Championships, which is where I've been for the‚Ä¶"
5,1452449358268542979,"RT @MKBHD: Fun fact, right in the middle of #techtober is Ultimate frisbee's club National Championships, which is where I've been for the‚Ä¶"
6,1452448855308570628,"RT @MKBHD: Fun fact, right in the middle of #techtober is Ultimate frisbee's club National Championships, which is where I've been for the‚Ä¶"
7,1452448633903718401,"RT @MKBHD: Fun fact, right in the middle of #techtober is Ultimate frisbee's club National Championships, which is where I've been for the‚Ä¶"
8,1452447343186485249,"RT @MKBHD: Fun fact, right in the middle of #techtober is Ultimate frisbee's club National Championships, which is where I've been for the‚Ä¶"
9,1452447126575886338,"RT @MKBHD: Fun fact, right in the middle of #techtober is Ultimate frisbee's club National Championships, which is where I've been for the‚Ä¶"
0,1452446921709211653,"RT @MKBHD: Fun fact, right in the middle of #techtober is Ultimate frisbee's club National Championships, which is where I've been for the‚Ä¶"
1,1452446105254383617,"RT @MKBHD: Fun fact, right in the middle of #techtober is Ultimate frisbee's club National Championships, which is where I've been for the‚Ä¶"
2,1452445251428311042,"RT @MKBHD: Fun fact, right in the middle of #techtober is Ultimate frisbee's club National Championships, which is where I've been for the‚Ä¶"
3,1452444265942900751,"RT @MKBHD: Fun fact, right in the middle of #techtober is Ultimate frisbee's club National Championships, which is where I've been for the‚Ä¶"
4,1452441648109998082,"RT @MKBHD: Fun fact, right in the middle of #techtober is Ultimate frisbee's club National Championships, which is where I've been for the‚Ä¶"
5,1452439712346542085,"RT @MKBHD: Fun fact, right in the middle of #techtober is Ultimate frisbee's club National Championships, which is where I've been for the‚Ä¶"
6,1452439701068165123,"RT @MKBHD: Fun fact, right in the middle of #techtober is Ultimate frisbee's club National Championships, which is where I've been for the‚Ä¶"
7,1452437953838522371,"RT @MKBHD: Fun fact, right in the middle of #techtober is Ultimate frisbee's club National Championships, which is where I've been for the‚Ä¶"
8,1452436568967364609,"RT @MKBHD: Fun fact, right in the middle of #techtober is Ultimate frisbee's club National Championships, which is where I've been for the‚Ä¶"
9,1452435685353443332,"RT @MKBHD: Fun fact, right in the middle of #techtober is Ultimate frisbee's club National Championships, which is where I've been for the‚Ä¶"
0,1452435119713619968,"RT @MKBHD: Fun fact, right in the middle of #techtober is Ultimate frisbee's club National Championships, which is where I've been for the‚Ä¶"
1,1452435053166964740,"RT @MKBHD: Fun fact, right in the middle of #techtober is Ultimate frisbee's club National Championships, which is where I've been for the‚Ä¶"
2,1452435017234194435,"RT @MKBHD: Fun fact, right in the middle of #techtober is Ultimate frisbee's club National Championships, which is where I've been for the‚Ä¶"
3,1452434953891991554,"RT @MKBHD: Fun fact, right in the middle of #techtober is Ultimate frisbee's club National Championships, which is where I've been for the‚Ä¶"
4,1452434345159839751,"RT @MKBHD: Fun fact, right in the middle of #techtober is Ultimate frisbee's club National Championships, which is where I've been for the‚Ä¶"
5,1452434070244261889,"RT @MKBHD: Fun fact, right in the middle of #techtober is Ultimate frisbee's club National Championships, which is where I've been for the‚Ä¶"
6,1452434002510557191,"RT @MKBHD: Fun fact, right in the middle of #techtober is Ultimate frisbee's club National Championships, which is where I've been for the‚Ä¶"
7,1452433333435125761,"RT @MKBHD: Fun fact, right in the middle of #techtober is Ultimate frisbee's club National Championships, which is where I've been for the‚Ä¶"
8,1452432954144198659,"RT @MKBHD: Fun fact, right in the middle of #techtober is Ultimate frisbee's club National Championships, which is where I've been for the‚Ä¶"
9,1452432753249619977,"RT @MKBHD: Fun fact, right in the middle of #techtober is Ultimate frisbee's club National Championships, which is where I've been for the‚Ä¶"
0,1452432535858917384,"RT @MKBHD: Fun fact, right in the middle of #techtober is Ultimate frisbee's club National Championships, which is where I've been for the‚Ä¶"
1,1452431927068221448,"RT @MKBHD: Fun fact, right in the middle of #techtober is Ultimate frisbee's club National Championships, which is where I've been for the‚Ä¶"
2,1452431585324765187,"RT @MKBHD: Fun fact, right in the middle of #techtober is Ultimate frisbee's club National Championships, which is where I've been for the‚Ä¶"
3,1452430860167299073,"RT @MKBHD: Fun fact, right in the middle of #techtober is Ultimate frisbee's club National Championships, which is where I've been for the‚Ä¶"
4,1452430153288663043,"RT @MKBHD: Fun fact, right in the middle of #techtober is Ultimate frisbee's club National Championships, which is where I've been for the‚Ä¶"
5,1452430077317242880,"RT @MKBHD: Fun fact, right in the middle of #techtober is Ultimate frisbee's club National Championships, which is where I've been for the‚Ä¶"
6,1452429417549074435,"RT @MKBHD: Fun fact, right in the middle of #techtober is Ultimate frisbee's club National Championships, which is where I've been for the‚Ä¶"
7,1452429279430471681,"RT @MKBHD: Fun fact, right in the middle of #techtober is Ultimate frisbee's club National Championships, which is where I've been for the‚Ä¶"
8,1452429186400935937,"RT @MKBHD: Fun fact, right in the middle of #techtober is Ultimate frisbee's club National Championships, which is where I've been for the‚Ä¶"
9,1452429167291731974,"RT @MKBHD: Fun fact, right in the middle of #techtober is Ultimate frisbee's club National Championships, which is where I've been for the‚Ä¶"
0,1452428766245007363,"RT @MKBHD: Fun fact, right in the middle of #techtober is Ultimate frisbee's club National Championships, which is where I've been for the‚Ä¶"
1,1452428634086682625,"RT @MKBHD: Fun fact, right in the middle of #techtober is Ultimate frisbee's club National Championships, which is where I've been for the‚Ä¶"
2,1452428177935114242,"RT @MKBHD: Fun fact, right in the middle of #techtober is Ultimate frisbee's club National Championships, which is where I've been for the‚Ä¶"
3,1452427987303997445,"RT @MKBHD: Fun fact, right in the middle of #techtober is Ultimate frisbee's club National Championships, which is where I've been for the‚Ä¶"
4,1452427621451640835,"RT @MKBHD: Fun fact, right in the middle of #techtober is Ultimate frisbee's club National Championships, which is where I've been for the‚Ä¶"
5,1452427514354102273,"RT @MKBHD: Fun fact, right in the middle of #techtober is Ultimate frisbee's club National Championships, which is where I've been for the‚Ä¶"
6,1452427254991048704,"RT @MKBHD: Fun fact, right in the middle of #techtober is Ultimate frisbee's club National Championships, which is where I've been for the‚Ä¶"
7,1452427195662614531,"RT @MKBHD: Fun fact, right in the middle of #techtober is Ultimate frisbee's club National Championships, which is where I've been for the‚Ä¶"
8,1452426638445142021,"RT @MKBHD: Fun fact, right in the middle of #techtober is Ultimate frisbee's club National Championships, which is where I've been for the‚Ä¶"
9,1452426490981720068,"RT @MKBHD: Fun fact, right in the middle of #techtober is Ultimate frisbee's club National Championships, which is where I've been for the‚Ä¶"
0,1452426233720057858,"RT @MKBHD: Fun fact, right in the middle of #techtober is Ultimate frisbee's club National Championships, which is where I've been for the‚Ä¶"
1,1452426216598818816,"RT @MKBHD: Fun fact, right in the middle of #techtober is Ultimate frisbee's club National Championships, which is where I've been for the‚Ä¶"
2,1452426145769656320,"RT @MKBHD: Fun fact, right in the middle of #techtober is Ultimate frisbee's club National Championships, which is where I've been for the‚Ä¶"
3,1452426068594499589,"RT @MKBHD: Fun fact, right in the middle of #techtober is Ultimate frisbee's club National Championships, which is where I've been for the‚Ä¶"
4,1452426013753987075,"RT @MKBHD: Fun fact, right in the middle of #techtober is Ultimate frisbee's club National Championships, which is where I've been for the‚Ä¶"
5,1452425930891268103,"RT @MKBHD: Fun fact, right in the middle of #techtober is Ultimate frisbee's club National Championships, which is where I've been for the‚Ä¶"
6,1452425845629505538,"RT @MKBHD: Fun fact, right in the middle of #techtober is Ultimate frisbee's club National Championships, which is where I've been for the‚Ä¶"
7,1452425780378624001,"RT @MKBHD: Fun fact, right in the middle of #techtober is Ultimate frisbee's club National Championships, which is where I've been for the‚Ä¶"
8,1452425726892953600,"RT @MKBHD: Fun fact, right in the middle of #techtober is Ultimate frisbee's club National Championships, which is where I've been for the‚Ä¶"
9,1452425595464269834,"RT @MKBHD: Fun fact, right in the middle of #techtober is Ultimate frisbee's club National Championships, which is where I've been for the‚Ä¶"
0,1452425187190878216,"RT @MKBHD: Fun fact, right in the middle of #techtober is Ultimate frisbee's club National Championships, which is where I've been for the‚Ä¶"
1,1452425059277148169,"RT @MKBHD: Fun fact, right in the middle of #techtober is Ultimate frisbee's club National Championships, which is where I've been for the‚Ä¶"
2,1452424853374578697,"RT @MKBHD: Fun fact, right in the middle of #techtober is Ultimate frisbee's club National Championships, which is where I've been for the‚Ä¶"
3,1452424673526943753,"RT @MKBHD: Fun fact, right in the middle of #techtober is Ultimate frisbee's club National Championships, which is where I've been for the‚Ä¶"
4,1452424651192238085,"RT @MKBHD: Fun fact, right in the middle of #techtober is Ultimate frisbee's club National Championships, which is where I've been for the‚Ä¶"
5,1452424642568892416,"RT @MKBHD: Fun fact, right in the middle of #techtober is Ultimate frisbee's club National Championships, which is where I've been for the‚Ä¶"
6,1452424462905667585,"RT @MKBHD: Fun fact, right in the middle of #techtober is Ultimate frisbee's club National Championships, which is where I've been for the‚Ä¶"
7,1452424462201245699,"RT @MKBHD: Fun fact, right in the middle of #techtober is Ultimate frisbee's club National Championships, which is where I've been for the‚Ä¶"
8,1452424433449197569,"RT @MKBHD: Fun fact, right in the middle of #techtober is Ultimate frisbee's club National Championships, which is where I've been for the‚Ä¶"
9,1452424391099359232,"RT @MKBHD: Fun fact, right in the middle of #techtober is Ultimate frisbee's club National Championships, which is where I've been for the‚Ä¶"
0,1452424316906196994,"Fun fact, right in the middle of #techtober is Ultimate frisbee's club National Championships, which is where I've been for the past 4 days. Ended up taking 2nd place with New York - Overall a pretty incredible tournament and a hell of a season. Back to the studio tomorrow üëçüèæ https://t.co/Tp7vYcDkA9"
1,1452366075929235458,"@DrewLipps I can't wait to be exited for #techtober.  I'm at the ""this is the month my account goes dormant"" level of YouTube."
2,1452162416024772612,"RT @tnkgrl: #TechTober is in full swing and this week, @madebygoogle
gave us the #Pixel6 and 6 Pro, and @Apple gave us the #MacBookPro 14 a‚Ä¶"
3,1452159235337371654,"RT @tnkgrl: #TechTober is in full swing and this week, @madebygoogle
gave us the #Pixel6 and 6 Pro, and @Apple gave us the #MacBookPro 14 a‚Ä¶"
4,1452159122481221634,"RT @tnkgrl: #TechTober is in full swing and this week, @madebygoogle
gave us the #Pixel6 and 6 Pro, and @Apple gave us the #MacBookPro 14 a‚Ä¶"
5,1452150561634086913,"#TechTober is in full swing and this week, @madebygoogle
gave us the #Pixel6 and 6 Pro, and @Apple gave us the #MacBookPro 14 and 16... Double yay :) Join @rjcc and me on episode 239 of my #MobTechCast for an in-depth look at these awesome new devices! https://t.co/wkz9ETZ0xZ https://t.co/CF3B3WTyo1"
6,1452108237822517257,"Honor X30i alleged specs

‚Ä¢ 6.7"" LCD 90hz+ dos
‚Ä¢ Dimensity 810
‚Ä¢ 48MP + 2MP + 2MP &amp; 8MP Front
‚Ä¢ 4000mah (22.5W)
‚Ä¢ 7.45mm &amp; 175g

#Honor #Honor50 #HonorX30 #HonorX30Max #HonorX30i #5G #China #Huawei #MediaTek #MagicUI #Europe #techtober https://t.co/RPWiWxQ8mc"
7,1452105386266398722,"@MKBHD @TheStudio I was expecting ‚Äúthis entire video was shot on the DJI 4D‚Äù ..... then got double WTF‚Äôd when I heard ‚Äú..... #shotoniPhone ‚Äú ..... what? #Techtober really got me this time! ü§Ø
#MKBHD #TheStudio #Rivian #RivianR1T"
8,1452100777279905792,"Honor X30i alleged specs

‚Ä¢ 6.7"" LCD 90hz+ dos
‚Ä¢ Dimensity 810
‚Ä¢ 48MP + 2MP + 2MP &amp; 8MP Front
‚Ä¢ 4000mah (22.5W)
‚Ä¢ 7.45mm &amp; 175g

#Honor #Honor50 #HonorX30 #HonorX30Max #HonorX30i #5G #China #Huawei #MediaTek #MagicUI #Europe #techtober https://t.co/YikIUHsC1f"
9,1452022708099682306,Sit tight everyone! This week's #MobTechCast is slightly delayed and will be published in a few hours... The #TechTober crunch is real :) https://t.co/LbYxTgM3En
0,1452006458132938753,"Ali√°s que o tema que eu quero usar vai ser em cima de Xfce4 pela primeira vez tbm, quero usar estilo SGI https://t.co/dXwSM1geb0

Provavelmente eu v√° abrir uma live fazendo isso daqui a pouco, ent√£o fica ligado ai #linux #techtober"
1,1451982684041981953,"I just uploaded a video about all of the #techtober events that took place this week! Lets just say that it was an interesting and fun week for the tech industry! 

Apple, Google, and Samsung Events AND MORE!!! https://t.co/hwkqFx4NX4 via @YouTube"
2,1451966254340788232,"This week has been wild for industry tech. New Macbook Pros, new Google Pixels, New DJI Cinema Camera, Sony released the A7iv. Can't wait to see what the rest of the month has to offer for #techtober."
3,1451927144095883269,"RT @fulltime_techie: Exciting #Techtober launches! 

Oct 18 #AppleEvent
Oct 19 #GoogleEvent
Oct 20 #GalaxyUnpacked Part 2
Oct 26 #SonyXperi‚Ä¶"
4,1451921425422376976,"RT @OpenForest_: The time has come- #Techtober Week 3 Day 3 has arrived! 

The finale of Crypto Economics on #OpenForestProtocol before we‚Ä¶"
5,1451902952952799236,"ÿ™ŸêŸÉ ÿ™Ÿàÿ®ÿ± Techtober 

ŸÖÿ¨ŸÖŸàÿπÿ© ŸÖŸÖŸäÿ≤ÿ© ŸÖŸÜ ÿ®ÿ∑ÿßŸÇÿ© ÿ∞ÿßŸÉÿ±ÿ© ŸÖŸÜ XLR8 RGB DDR4 3200 ÿ≥ÿπÿ© ŸÖŸäÿ¨ÿß Ÿáÿ±ÿ™ÿ≤ 16 ÿ¨Ÿäÿ¨ÿß ŸÖÿπ ÿµŸÜÿØŸàŸÇ ÿßŸÑŸÉŸÖÿ®ŸäŸàÿ™ÿ± STARKER ŸÖŸÜ ÿßŸÉÿ≥ ÿ®Ÿä ÿ¨Ÿä ÿ®ÿ≥ÿπÿ± ŸÖÿÆŸÅÿ∂ üòç

ŸÑŸÑÿ∑ŸÑÿ®: https://t.co/4Ik8qoHdIe

#ÿ™ŸÉ_ÿ™Ÿàÿ®ÿ± #pny #ÿ¢ŸäŸÅÿßÿØŸä #ÿ®ÿ±ÿßŸÜÿØ #ÿßŸÑÿπÿßÿ®
#techtober #gaming #iphady #brand https://t.co/8WV9Wwe3oV"
6,1451898812314705928,"ÏïàÎìú Ïò¨Î¶¨Í≥†, iOS Ïò¨Î¶¨Í≥†, ÏúàÎèÑÏö∞ÍπåÏßÄ 11Î°ú Ïò¨Î¶¨ÎãàÍπå Ïó≠Ïãú #Techtober Îã§."
7,1451898649437515785,You've gotta love October. #Tectober https://t.co/OZ9vUVKhU7
8,1451859869527691265,#techtober is in full swing
9,1451834897925132295,"RT @GGG_by_Lia: Who dis? ü§©

A New #smartphone just landed! üëÄüéÜ

Any guesses? 

#Techtober #NoRestForTheWicked #FridayVibes #WeekendWarmUp üòÖ‚Ä¶"
0,1451834778718597120,"RT @GGG_by_Lia: Who dis? ü§©

A New #smartphone just landed! üëÄüéÜ

Any guesses? 

#Techtober #NoRestForTheWicked #FridayVibes #WeekendWarmUp üòÖ‚Ä¶"
1,1451832689472966657,"#techtober has taken over this account lately but I think there‚Äôs still some room for Landscape photography üòú Probably my favourite photo trip ever.
#landscapephotography #landscapes #sunrise #photography #NaturePhotography #NaturePhotograph #Nikon #morning #surf  #Longexposure https://t.co/UhxR9CmQqP"
2,1451825770687393803,Ayyyy di pahuhuli ang Sony sa #TechTober https://t.co/QEw0RH7s5u
3,1451813565631975425,"RT @OpenForest_: The time has come- #Techtober Week 3 Day 3 has arrived! 

The finale of Crypto Economics on #OpenForestProtocol before we‚Ä¶"
4,1451805064587354117,"RT @GGG_by_Lia: Who dis? ü§©

A New #smartphone just landed! üëÄüéÜ

Any guesses? 

#Techtober #NoRestForTheWicked #FridayVibes #WeekendWarmUp üòÖ‚Ä¶"
5,1451671719077466120,"RT @OpenForest_: The time has come- #Techtober Week 3 Day 3 has arrived! 

The finale of Crypto Economics on #OpenForestProtocol before we‚Ä¶"
6,1451666213726142464,"The time has come- #Techtober Week 3 Day 3 has arrived! 

The finale of Crypto Economics on #OpenForestProtocol before we make our @NEARProtocol debut at #NEARcon is #DAOs! ü§©

With @SputnikDAO, #OFPs DAO Governance:
üå≤Enables decentralization 
üå≤Token- based governance https://t.co/PmeCBI7XOz"
7,1451644106271248393,"RT @Mastarcard: I was going through my Dad‚Äôs old stuff and I came across this optical memory card.
It has a memory size of 4.1MB

Wow, tech‚Ä¶"
8,1451643924163047427,"I was going through my Dad‚Äôs old stuff and I came across this optical memory card.
It has a memory size of 4.1MB

Wow, technology has really come a long way. #Techtober https://t.co/SrINGTV1ch"
9,1451639746019708928,"ü§©üòé Compra en la mejor √©poca tecnol√≥gica: #Techtober 

En #LaCuracao te damos todas las opciones para comprar c√≥mo, d√≥nde y cu√°ndo quieras. 

-Ver detalles de cr√©dito en sucursales
-Precios v√°lidos del 15 al 31 de Octubre de 2021
-T√©rminos y Condiciones: https://t.co/WC6jwfHQ76 https://t.co/CjFO6VPCb6"
0,1451624944899608583,"Who dis? ü§©

A New #smartphone just landed! üëÄüéÜ

Any guesses? 

#Techtober #NoRestForTheWicked #FridayVibes #WeekendWarmUp üòÖ #technology #techielife #YouTuber ‚ò∫Ô∏è https://t.co/qiQktuAcGG"
1,1451598069724860421,"Techtober is seriously going strong right now, so many new things have been revealed this week let alone this month. #techtober"
2,1451594198604414978,"ü§©üòé Compra en la mejor √©poca tecnol√≥gica: #Techtober 

En #LaCuracao te damos todas las opciones para comprar c√≥mo, d√≥nde y cu√°ndo quieras. 

-Ver detalles de cr√©dito en sucursales
-Precios v√°lidos del 15 al 31 de Octubre de 2021
-T√©rminos y Condiciones: https://t.co/WC6jwfZqYE https://t.co/UWVzQac9Z1"
3,1451579270703116291,@TechCluster9 @techyped @PHNitheesh @MKBHD Tectober. Does that include Rivian? I doubt. There are many flaws on Duo 2. So maybe he was hinting at Pixel 6.
4,1451572948876333062,"Celebrate #Techtober  with us by joining our discussion on technology &amp; entrepreneurship! 
Join us at 12:00 CST with Sullivan Wright Technologies' Chris Wright &amp; Bob East to talk about what successful collaboration between tech and business looks like!üëá

https://t.co/d1XiwTZe2l"
5,1451568258272931849,What can I say he's TechTober wasted. ü§£ #TechTober #Pixel6Pro #SurfaceDuo2 #Dogs #HappyFriday https://t.co/EojDZPXqHO
6,1451557876963549189,"So I'm listening to the latest @WVFRM episode with @MKBHD and @AndyManganelli, at one point they completely talk me out of getting a @Google #pixel 6 pro, in the very next few minutes they talk me back into it. I'd be upgrading from an S9. G6 Pro or S21 ULTRA....??? #TECHTOBER https://t.co/QA9bRtCJiw"
7,1451517758387236868,"RT @robinbmac: #Techtober is in full swing!! 

First up, the new #MacBookPro with the #M1Pro &amp; #M1Max Chips that have blistering speeds and‚Ä¶"
8,1451517693652348933,"RT @robinbmac: #Techtober is in full swing!! 

First up, the new #MacBookPro with the #M1Pro &amp; #M1Max Chips that have blistering speeds and‚Ä¶"
9,1451517633099096070,"#Techtober is in full swing!! 

First up, the new #MacBookPro with the #M1Pro &amp; #M1Max Chips that have blistering speeds and then the 3rd Gen #AirPods that have better battery life and spatial audio! 

Read on to know more! üíª

https://t.co/29sLvoUwcC 

@Apple , #Apple, #TechBlog"
0,1451516101804892169,"Ÿàÿßÿ∂ÿ≠ ŸÉÿØŸá ÿßŸÜ ÿßŸÉÿ™Ÿàÿ®ÿ± ŸáŸà ÿ¥Ÿáÿ± ÿßŸÑŸÅŸÜ ŸàÿßŸÑÿ™ŸÇŸÜŸäÿ© ŸàŸÉŸÑ ÿ≠ÿßÿ¨Ÿá ÿ¨ŸÖŸäŸÑÿ© üåª
#Inktober #inktober2021 #techtober"
1,1451512450210320386,"RT @luriep: Dual #Duo replaced by #Duo2!

Happy #techtober, #Microsoft #SurfaceDuo2! This device is amazing! #Msftadvocate https://t.co/SUs‚Ä¶"
2,1451481962032599043,"#NikonZ9 to be announced soon. Anyone thinks Nikon can revive? There‚Äôs still hope for a ‚ÄúD3 moment‚Äù or just another over promise? I‚Äôm really curious.
#nikon #NIKONZ #techtober #october #Photography #nikonphotography #filmmaking #nikonrumours #sonya7iv #creatives"
3,1451458291238727683,"Seeing so many amazing tech and realising you can't afford is very hard indeed! ü•≤(Twss)
#techtober
F"
4,1451452107299516416,#techtober &amp; #inktober let's keep it coming! üçÇ
5,1451399298306953231,"Cool Tech Gifts and Gadgets Under $50. 
#CoolTech #Pixel6 #Gaming #Music #streaming #RazerCon2021 #Halloween #TechTober Roma
https://t.co/FYLbqwm2cx"
6,1451371341895004164,"RT @kangg: ‡∏™‡∏≤‡∏£‡∏û‡∏±‡∏î Tech Gadgets ‡πÄ‡∏õ‡∏¥‡∏î‡∏ï‡∏±‡∏ß

18 ‡∏ï‡∏Ñ Apple - MacBook Pro
19 ‡∏ï‡∏Ñ Google - Pixel 6
20 ‡∏ï‡∏Ñ DJI
20 ‡∏ï‡∏Ñ Samsung Unpacked 2
2x ‡∏ï‡∏Ñ Sony A7m4‚Ä¶"
7,1451330337544581120,"Dual #Duo replaced by #Duo2!

Happy #techtober, #Microsoft #SurfaceDuo2! This device is amazing! #Msftadvocate https://t.co/SUsPMaw4l4"
8,1451311809030340608,"Surface Duo 2: Can This Be Saved? 
@MKBHD asks some important questions about 
@MSFT's Surface Duo 2 :  https://t.co/hmGdU6Ibor via 
@YouTube
 #techtober"
9,1451275608634413061,I‚Äôm still NOT tired of #techtober
0,1451269838207213568,RT @jamesrcs: Big Brand #TechTober Launches Are Forgetting Something https://t.co/KlGUEICb9b
1,1451254986567045120,"ALL THIS NEW GEAR! #TECHTOBER Time To upgrade? Let's Talk about it all! 
Join me now Live!
https://t.co/w6GETmVV6P https://t.co/5hujOCoP2S"
2,1451238470400286730,Big Brand #TechTober Launches Are Forgetting Something https://t.co/KlGUEICb9b
3,1451232970711334914,"RT @OpenForest_: Halfway to Friday must mean it‚Äôs also #Techtober Day 2! 

Possibly the most exciting feature of #Techtober Week 3: Crypto‚Ä¶"
4,1451226232931106823,"ÿ™ŸêŸÉ ÿ™Ÿàÿ®ÿ± Techtober 

ŸÖÿ¨ŸÖŸàÿπÿ© ŸÖŸÖŸäÿ≤ÿ© ŸÖŸÜ ŸÖÿ≠ÿ±ŸÉ ÿ£ŸÇÿ±ÿßÿµ ÿßŸÑÿ≠ÿßŸÑÿ© ÿßŸÑÿµŸÑÿ®ÿ© PNY CS1030 M.2 2280500 ÿ¨Ÿäÿ¨ÿßÿ®ÿßŸäÿ™ PCI-Express 3.0 x4 ŸÖÿπ ÿßŸÑŸÑŸàÿ≠ÿ© ÿßŸÑÿ£ŸÖ ASUS TUF GAMING H570-PRO WIF ŸÖŸÜ ÿ®ÿ≥ÿπÿ± ŸÖÿÆŸÅÿ∂ üòç

ŸÑŸÑÿ∑ŸÑÿ®: https://t.co/Cg8rqE84W7

#ÿ™ŸÉ_ÿ™Ÿàÿ®ÿ± #pny #ÿ¢ŸäŸÅÿßÿØŸä #ÿ®ÿ±ÿßŸÜÿØ #ÿßŸÑÿπÿßÿ®
#techtober #gaming #iphady #brand https://t.co/hdxBA3gr7g"
5,1451216721877028865,"ü§©üòé Compra en la mejor √©poca tecnol√≥gica: #Techtober 

En #LaCuracao te damos todas las opciones para comprar c√≥mo, d√≥nde y cu√°ndo quieras. 

-Ver detalles de cr√©dito en sucursales
-Precios v√°lidos del 15 al 31 de Octubre de 2021
-T√©rminos y Condiciones: https://t.co/WC6jwfHQ76 https://t.co/GqPZKY7lGX"
6,1451206382393470981,"RT @iSpaceGh: Some Productivity Tools:

* Mem
* Slack¬†
* Notion¬†
* Scoutapm¬†
* Sentry
* Codeclimate
* Sourcegraph
* Loom
* Grammarly
* Goog‚Ä¶"
7,1451203890813231115,"RT @iSpaceGh: Some Productivity Tools:

* Mem
* Slack¬†
* Notion¬†
* Scoutapm¬†
* Sentry
* Codeclimate
* Sourcegraph
* Loom
* Grammarly
* Goog‚Ä¶"
8,1451191080808902671,"RT @iSpaceGh: Some Productivity Tools:

* Mem
* Slack¬†
* Notion¬†
* Scoutapm¬†
* Sentry
* Codeclimate
* Sourcegraph
* Loom
* Grammarly
* Goog‚Ä¶"
9,1451190305718341643,"Some Productivity Tools:

* Mem
* Slack¬†
* Notion¬†
* Scoutapm¬†
* Sentry
* Codeclimate
* Sourcegraph
* Loom
* Grammarly
* Google slides 
* Tableplus

#RemoteWorkSeries 
#iSpaceVirtualWorkshop
#FutureOfWork 
#TechTober 
#SoftwareEngineering https://t.co/y2cdkNEwzF"
0,1451187306413518859,"RT @kangg: ‡∏™‡∏≤‡∏£‡∏û‡∏±‡∏î Tech Gadgets ‡πÄ‡∏õ‡∏¥‡∏î‡∏ï‡∏±‡∏ß

18 ‡∏ï‡∏Ñ Apple - MacBook Pro
19 ‡∏ï‡∏Ñ Google - Pixel 6
20 ‡∏ï‡∏Ñ DJI
20 ‡∏ï‡∏Ñ Samsung Unpacked 2
2x ‡∏ï‡∏Ñ Sony A7m4‚Ä¶"
1,1451183554663120911,"ALL THIS NEW GEAR! #TECHTOBER Time To upgrade? Let's Talk about it all! 
Join me Livestream @ 2:30pm EST
https://t.co/QxVr1yVsjW https://t.co/Skli2fZYp5"
2,1451176137472815105,"RT @Jim_gkoutrides: #techtober is running wild.Yesterday @DJIGlobal announced the #DJIRonin4D ,today @SonyAlpha will announce a new camera.‚Ä¶"
3,1451176016924266497,"#techtober is running wild.Yesterday @DJIGlobal announced the #DJIRonin4D ,today @SonyAlpha will announce a new camera. Trying to keep up while working crazy hours can be exhausting but still I love it.
#sonyalpha #DJIRonin4D #DJI #october #tech #TechNews"
4,1451158816159006722,"Competition breeds innovation. I think @Google Pixel 6/6 Pro line up for the Android community is the phone to beat. Shoot, it‚Äôs looking like iOS users may even want to get their hands on one. I sure do! #Pixel6Launch #google #techtober"
5,1451133205097091073,Did you watch Samsung's event yesterday? üòÄ #techtober
6,1451103214640644099,"RT @OpenForest_: Halfway to Friday must mean it‚Äôs also #Techtober Day 2! 

Possibly the most exciting feature of #Techtober Week 3: Crypto‚Ä¶"
7,1451102764638031875,"...Online or Offline...

...Your Safety and Privacy are Absolutely Guaranteed!

https://t.co/6uFTEJpEJq

#news #schools #school #Android #Windows #Windows11 #surfacepro8 #Surface #tech #technology #TechTuesday #techtober #homeschool #WorkTrends #workingclass #Website #PC #PWA https://t.co/ZrPIbZHESX"
8,1451077342399451139,@GroundedTech At least it's Tectober...üòâ
9,1451046083824652291,"Third #bigevent of #techtober - #Bespoke event by #Samsung 

#SamsungUnpacked #GalaxyUnpackedPart2 #GalaxyZFold3  
https://t.co/6B4ugamuPQ"
0,1451024826957697024,"RT @OpenForest_: Halfway to Friday must mean it‚Äôs also #Techtober Day 2! 

Possibly the most exciting feature of #Techtober Week 3: Crypto‚Ä¶"
1,1451020607039021060,"Halfway to Friday must mean it‚Äôs also #Techtober Day 2! 

Possibly the most exciting feature of #Techtober Week 3: Crypto Economics, is the OPN Token ü§©

To be released in the near future, it allows #OFP:
ü™ôUtility 
ü™ôGovernance
ü™ôFoundation of a new carbon economy üëá https://t.co/NftUqTTbPE"
2,1450916092889731081,"Ok pause your #iPhone #Pixel6Launch #MacBookPro2021 excitement, cuz Planet Fitness just destroyed all #techtober launches with this: https://t.co/eyOrJ7fAcp"
3,1450906531122253833,"4 of my favourite apps to
@EasyEquities - Build Wealth
@22seven - Manage money
@StocardApp - Carry Loyalty cards
@property24 - Buy imaginary houses 

#TechTalk #techtober"
4,1450893035324284938,Tech journalists and bloggers this week #techtober https://t.co/PUuk1K8i4G
5,1450879749820145671,@iupdate My guy spent over $5000 on that and still doesn't have the MacBooks. You'll be bankrupt at the end of #techtober lmao
6,1450877034918461440,"Seriously #october is an exciting month if you‚Äôre a tech nerd but it can be catastrophic if you‚Äôre on the final stage of GAS.I‚Äôm still searching for new gear, and all these new releases don‚Äôt help
#gas #techtober #AppleEvent #technology #tech #DJIRonin4D #sonya7iv #mentalhealth"
7,1450869176936148995,#techtober 2021 on another level ü§§@DJIGlobal how did you do this üòç https://t.co/DzIg06uo3q
8,1450858404847706116,"RT @yabhishekhd: Upcoming launches this month.

October 18 - #AppleEvent MacBook

October 19 - #Google Pixel 6 series

October 20 - Samsung‚Ä¶"
9,1450854333046661133,"ü§©üòé Compra en la mejor √©poca tecnol√≥gica: #Techtober 

En #LaCuracao te damos todas las opciones para comprar c√≥mo, d√≥nde y cu√°ndo quieras. 

-Ver detalles de cr√©dito en sucursales
-Precios v√°lidos del 15 al 31 de Octubre de 2021
-T√©rminos y Condiciones: https://t.co/WC6jwfZqYE https://t.co/Zj4FsbqeQL"
0,1450836045361152001,"october, aka #UPtober, #techtober. what else?"
1,1450828902985867269,@Kwannyboy #Techtober
2,1450826438958059526,Everything is really techingggggg #techtober
3,1450825505477910528,"ÿ™ŸêŸÉ ÿ™Ÿàÿ®ÿ± Techtober 

ŸÖÿ¨ŸÖŸàÿπÿ© ŸÖŸÖŸäÿ≤ÿ© ŸÖŸÜ ŸÖÿ≠ÿ±ŸÉ ÿßŸÑÿßŸÇÿ±ÿßÿµ ÿßŸÑÿµŸÑÿ®ÿ© CS900 Series 2,5 in SATA ŸÖŸÜ ÿ®Ÿä ÿßŸÜ ŸàÿßŸä Ÿà ŸÖÿ∞ÿ±ÿ®Ÿàÿ±ÿØ PRIME H510M-K ŸÖŸÜ ÿßÿ≥Ÿàÿ≥ ÿ®ÿ≥ÿπÿ± ŸÖÿÆŸÅÿ∂ üòç

ŸÑŸÑÿ∑ŸÑÿ®: https://t.co/YjYvITo0PZ

#ÿ™ŸÉ_ÿ™Ÿàÿ®ÿ± #pny #ÿ¢ŸäŸÅÿßÿØŸä #ÿ®ÿ±ÿßŸÜÿØ #ÿßŸÑÿπÿßÿ®
#techtober #gaming #iphady #brand https://t.co/Sl7S3W3sjg"
4,1450819792139661320,#SamsungUnpacked Part 2 Event stream is now live. #Techtober #SamsungGalaxy https://t.co/kgdqVYho9Y
5,1450818688026808331,"RT @yabhishekhd: Upcoming launches this month.

October 18 - #AppleEvent MacBook

October 19 - #Google Pixel 6 series

October 20 - Samsung‚Ä¶"
6,1450817604591968258,Let's go @SamsungMobile Day #3 of #Techtober https://t.co/OLb92dlnhD
7,1450815664558682115,"ü§©üòé Compra en la mejor √©poca tecnol√≥gica #Techtober

Puedes realizar tu compra en cualquiera de nuestras sucursales o haciendo click aqu√≠ ‚¨áÔ∏è
https://t.co/tWJzdYYSu4

-Precios v√°lidos del 15 al 31 de Octubre de 2021
-T√©rminos y Condiciones: https://t.co/WC6jwfHQ76 https://t.co/f8ZBVaBi2v"
8,1450808460099129348,#news #Windows #tech #technology #screenshotwednesday #wallpaperwednesdays #wallpaper #screenshot #screenshot #Online #Onlineclass #Android #TechNews #TechTips #TechTuesday #techtober #scifi #SciFiPinUps #scifiart https://t.co/FtjKWfxdaf
9,1450807779736838153,"Go Green this Halloween with up to 25% off sustainable tech @PittUnivStore's Techtober event! Now through 11/3. 

#StoreOnFifth #ShopTheQuad #Techtober #Halloween #Pitt #H2P https://t.co/Gq5yOVoUbt"
0,1450806924367306758,"Is having document compatibility with MS Office still relevant? - ü§î

https://t.co/n3QGxL1cwQ

#news #technology #TechNews #tech #TechTips #TechTuesday #techtober #BigTech #Online #Onlineclass #schools #homeoffice #homeschool #HomeSchooling #collegelife #internet #PC #Windows"
1,1450803723081560072,"RT @GGG_by_Lia: Unboxing my New Daily Driver... the #GooglePixel6Pro ü•∞ü§ç 

It Exceeds Expectations... 

#pixel6 #pixel6pro #Google #5G #pixe‚Ä¶"
2,1450796220016848902,Wake me up when #techtember and #techtober ends. LOL Temptations left and right. #gadgets #technology #tech #byebyesavings
3,1450758315072540679,"Vertical takeoff and landing laptop stand is, like, way cool. üòé#techtober #VTOL https://t.co/w8xzsXBExB"
4,1450733540455313411,"RT @yabhishekhd: Upcoming launches this month.

October 18 - #AppleEvent MacBook

October 19 - #Google Pixel 6 series

October 20 - Samsung‚Ä¶"
5,1450733113751982081,Techtober going strong!! Got updated to Windows 11 and Android 12 on the same day and cant stop using them both!! #techtober #Android12 #Windows11 https://t.co/7WNEpHZhL7
6,1450722325637132289,"RT @GGG_by_Lia: Unboxing my New Daily Driver... the #GooglePixel6Pro ü•∞ü§ç 

It Exceeds Expectations... 

#pixel6 #pixel6pro #Google #5G #pixe‚Ä¶"
7,1450708661337157637,"@MKBHD Yea, with Tectober going onüëçüèΩüòÅ"
8,1450701080850046977,"Techtober is worst then Black Friday, change my mind.
#techtober https://t.co/IVntf3tafY"
9,1450686096208171018,"I got a #PS5 last week, and a #Pixel6Pro this week. Fuckin #nerdlife yo!! #techtober"
0,1450685878288850945,"TechTober is really exciting, so much content to cover. Hope can deliver some awesome content for you guys going forward üòä #Techtober #AppleEvent #Pixel6Launch #M1Pro https://t.co/lxjEoBYnya"
1,1450672455991787523,"‡∏ß‡∏±‡∏ô‡∏ô‡∏µ‡πâ‡∏°‡∏µ‡πÄ‡∏õ‡∏¥‡∏î‡∏ï‡∏±‡∏ß 2 ‡πÅ‡∏ö‡∏£‡∏ô‡∏î‡πå ‡πÅ‡∏•‡πâ‡∏ß‡∏û‡∏£‡∏∏‡πà‡∏á‡∏ô‡∏µ‡πâ Sony A7 iv 

#Techtober https://t.co/lidQi9fJQh"
2,1450666307473403908,"RT @GGG_by_Lia: Unboxing my New Daily Driver... the #GooglePixel6Pro ü•∞ü§ç 

It Exceeds Expectations... 

#pixel6 #pixel6pro #Google #5G #pixe‚Ä¶"
3,1450622350286671874,"@Google just announced the #Pixel6 and #Pixel6Pro at their #Pixel6Event. üì±

Here's what's new. üì∏üó£‚ö°Ô∏è

https://t.co/U93AwqyHCe

#Google #tech #techtober https://t.co/uuXU7XRbke"
4,1450620147920629762,"RT @yabhishekhd: Upcoming launches this month.

October 18 - #AppleEvent MacBook

October 19 - #Google Pixel 6 series

October 20 - Samsung‚Ä¶"
5,1450611654715219970,"RT @GGG_by_Lia: Unboxing my New Daily Driver... the #GooglePixel6Pro ü•∞ü§ç 

It Exceeds Expectations... 

#pixel6 #pixel6pro #Google #5G #pixe‚Ä¶"
6,1450606184906559490,"RT @GGG_by_Lia: Unboxing my New Daily Driver... the #GooglePixel6Pro ü•∞ü§ç 

It Exceeds Expectations... 

#pixel6 #pixel6pro #Google #5G #pixe‚Ä¶"
7,1450588605483782147,#Techtober
8,1450587820360404995,"RT @GGG_by_Lia: Unboxing my New Daily Driver... the #GooglePixel6Pro ü•∞ü§ç 

It Exceeds Expectations... 

#pixel6 #pixel6pro #Google #5G #pixe‚Ä¶"
9,1450587282948431875,"Check out the 3rd edition of 2021 #TECHTOBER TUESDAY TIPS and TRICKS!!üëªüéÉ
https://t.co/jGNI0LK2Ym https://t.co/ge6Xcu82OB"
0,1450584814172659714,#techtober ü•∞üíï
1,1450579630990282760,"Unboxing my New Daily Driver... the #GooglePixel6Pro ü•∞ü§ç 

It Exceeds Expectations... 

#pixel6 #pixel6pro #Google #5G #pixel6launch #teampixel #unboxing #technology #techtober #ASMR #youtubevideo #TechTuesday #smartphone @madebygoogle @GoogleUK https://t.co/J1o56m71SU"
2,1450571954491113483,#techtober is making all of our wallets a little bit thinner üòÇ
3,1450568046469341197,@MKBHD You're just skipping a lot of #techtober this year!! Last year every sentence of yours had a techtober in it!
4,1450565876390850560,#Techtober
5,1450554951852253188,"So in other news..@WyzeCam has a new pro doorbell...I also pre-ordered!

#techtober"
6,1450551295736156163,"MacBook Pro yesterday, Google Pixel 6 today, Samsung event tomorrow, and then Sony with new phone and camera on Thursday. I'm nerding out and my wallet is not ready ü•≤ #techtober"
7,1450546818069192704,"ü§©üòé Compra en la mejor √©poca tecnol√≥gica: #Techtober 

En #LaCuracao te damos todas las opciones para comprar c√≥mo, d√≥nde y cu√°ndo quieras. 

-Ver detalles de cr√©dito en sucursales
-Precios v√°lidos del 15 al 31 de Octubre de 2021
-T√©rminos y Condiciones: https://t.co/WC6jwfHQ76 https://t.co/4xYrknX0Y2"
8,1450544240715513861,Lool!! All tech isnt good tech Marques lool #techtober https://t.co/B3ussxQjwd
9,1450542355665227777,"Using Android 12 on my year old pixel 4a feels like using a brand new phone.
#techtober"
0,1450534686086860803,"#Techtober is buzzing.
18th - Apple
19th - Google
20th - Samsung"
1,1450533892830547972,"RT @urtechseeker: #Google Pixel 6 and Pixel 6 Pro launched with a completely new design, Google's in-house Tensor chip, Titan M2 chip for i‚Ä¶"
2,1450533296283127808,"#Google Pixel 6 and Pixel 6 Pro launched with a completely new design, Google's in-house Tensor chip, Titan M2 chip for improved security and priced at $599 and $899 respectively @Google #techtober #Pixel6Launch #Pixel6 #Pixel6Pro https://t.co/zqdh8RoIbj"
3,1450533199126228994,"The beauty of #techtober  #AppleEvent #PixelFallLaunch  
#SamsungUnpacked tomorrow ( today )."
4,1450527565156806656,Semalam Apple event for their new chip and today Google Pixel plak. #techtober
5,1450523062013595648,"RT @SlydemTechz: Battery &amp; availablity of #Pixel6
&amp; #Pixel6Pro

‚û°Ô∏è4,700mAh battery / 5,000mAh battery
‚û°Ô∏è30W charging
‚û°Ô∏èIP68 water resistant‚Ä¶"
6,1450522466808389638,@MKBHD True #techtober üòá
7,1450521313731219457,"Battery &amp; availablity of #Pixel6
&amp; #Pixel6Pro

‚û°Ô∏è4,700mAh battery / 5,000mAh battery
‚û°Ô∏è30W charging
‚û°Ô∏èIP68 water resistant

üü¢Starts at $599 / $899
üü¢Pre-order starts today
üü¢Available from October 28
üü¢No news for Indian Availability üòû

#Pixel6Launch #techtober https://t.co/iuiSPVGgQG"
8,1450519889588936705,#techtober 2022 is fantastic ‚úåÔ∏è
9,1450519257830371337,Google and Apple killed it this week. Absolutely amazing Tectober.
0,1450517082236358660,#Techtober in full effect! #GooglePixel6series
1,1450515160314138628,@MKBHD DEFO!!! #techtober
2,1450511799707598851,"Upcoming launches this month.

October 19 - #Google Pixel 6 series

October 20 - Samsung Galaxy Unpacked Part 2

October 26 - #Samsung Developer Conference 2021

October 26 -  #Sony Xperia smartphone

#techtober"
3,1450510660832530444,#techtober #teampixel here for it ‚ú®
4,1450508407723618308,"anyway, #Techtober is going well! #Pixel6launch now!

https://t.co/zhaI1PeBcf"
5,1450508306305490945,we love ü§ì #techtober https://t.co/FQzceu8peW https://t.co/0ETfYUllxo
6,1450506755490803715,Stay strong my tech loving friends. The FOMO is going to be strong this week. #techtober #techtwitter
7,1450506715028287491,PREACH! Nerds come out during #Techtober https://t.co/9lK7KsTPth
8,1450506205437341703,"So it's already been a busy day with an Xbox Mini Fridge and Chatter Telephone with Bluetooth, but I think we might be getting some other news today? #techtober"
9,1450505892991021056,"Het is heel gezond om een favoriet #Techtober event te hebben, toch? MadeByGoogle event is gaande!"
0,1450505661490548743,"Kiinnostavat julkaisut jatkuu.
Googlen Pixel 6 -puhelimien ymp√§rille rakennetun tapahtuman voi katsoa liven√§ t√§st√§:
https://t.co/ezSS1arev2
#Pixel6Launch #techtober"
1,1450501288924430337,"So #techtober round 2: @madebygoogle has a lot to deliver at the #Pixel6Launch, which just might be the most amazing Android Phone in this generation. I'm super stoked about the Tensor Chip."
2,1450500132177383429,"RT @JayEBoyd: Is the New top spec  16 MacBook Pro faster than the previous 1 ?  
#MacBookPro #MacBookPro2021 #AppleEvent #QuestionOfTheDay‚Ä¶"
3,1450497346928848899,If you're feeling like luck is on your side https://t.co/F1hQgq8iep @FrecoWang iPhone 13 Pro Giveaway.. #Apple #Giveaway #iPhone13Pro #Unboxing #iPhone #AppleEvent #Techtober #November
4,1450483888040591361,"Craig shaves his chest hairsüòÇ
#techtober
#AppleEvent https://t.co/aSyOxw2h65"
5,1450483004074340358,RT @DeSandoLLC: We are 1 day away from DJI unveiling their cinema camera and the start of their trio of releases culminating in their Mavic‚Ä¶
6,1450478998883033088,"RT @Ratatoeskr_: Finally #card4card is back @ParasHQ!
üèÜTop 10 #nftcollectors win 300‚ìÉ
üèÜTop 10 #NFTartists win 200‚ìÉ
(both prize pools) 
ü•áü•àü•âT‚Ä¶"
7,1450477243294232576,"Go Green this Halloween with up to 25% off sustainable tech @PittUnivStore's Techtober event! Now through 11/3. 

#StoreOnFifth #ShopTheQuad #Techtober #Halloween #Pitt #H2P https://t.co/t5voN2fkTC"
8,1450475036943556628,"RT @Ratatoeskr_: Finally #card4card is back @ParasHQ!
üèÜTop 10 #nftcollectors win 300‚ìÉ
üèÜTop 10 #NFTartists win 200‚ìÉ
(both prize pools) 
ü•áü•àü•âT‚Ä¶"
9,1450470214550884365,"#techtober is real!
Yesterday #AppleEvent
#kotlinEvent is live and later today #Pixel6Launch"
0,1450469023372697604,"RT @Ratatoeskr_: Finally #card4card is back @ParasHQ!
üèÜTop 10 #nftcollectors win 300‚ìÉ
üèÜTop 10 #NFTartists win 200‚ìÉ
(both prize pools) 
ü•áü•àü•âT‚Ä¶"
1,1450465508416004109,"Finally #card4card is back @ParasHQ!
üèÜTop 10 #nftcollectors win 300‚ìÉ
üèÜTop 10 #NFTartists win 200‚ìÉ
(both prize pools) 
ü•áü•àü•âTop 3 Artists get their #NFTs listed on the Near Swag Store @nearswagstore 

#Techtober #NEARverse #NEARcon @NEARProtocol $Near

https://t.co/Z2g30RCvzL"
2,1450462883599507470,@tariqaljaser #techtober üì±
3,1450449043453263879,RT @gakunganjuguna: Tech Week #techtober https://t.co/WZ6z2yeV7X
4,1450447061564993538,"RT @briantong: Thanks to the 65K+ of y'all that came out to watch the @Apple M1 Pro/M1 Max MacBook Pro, AirPods &amp; HomePod mini colors Lives‚Ä¶"
5,1450445391514804232,"Go Green this Halloween with up to 25% off sustainable tech @PittUnivStore's Techtober event! Now through 11/3. 

#StoreOnFifth #ShopTheQuad #Techtober #Halloween #Pitt #H2P https://t.co/98e8DSb3TM"
6,1450445218336149509,Tech Week #techtober https://t.co/WZ6z2yeV7X
7,1450434347396333576,"Wait what !? its really #techtober

#AppleEvent   today. 
#Pixel6Launch  Event tomorrow.
#GalaxyUnpacked Wednesday.
üòÆ‚Äçüí®...."
8,1450433493331238912,"RT @iSpaceGh: Introducing Kwaku Boateng, our facilitator for the session: ‚ÄúMaximizing Your Productivity As A Remote Software Engineer‚Äù. 

R‚Ä¶"
9,1450424865526272007,"Which one best describes you?
https://t.co/WIL0SXvGiC #TechTober https://t.co/j7nV8AA7WJ"
0,1450413909035257866,"RT @yabhishekhd: Upcoming launches this month.

October 18 - #AppleEvent MacBook

October 19 - #Google Pixel 6 series

October 20 - Samsung‚Ä¶"
1,1450410621820887044,"The launch of #Pixel6 today.
It's really #Techtober"
2,1450407638378889223,"Ne Ekim ayƒ±ymƒ±≈ü arkada≈ü üòÖ Etkinlik ve duyurulara yeti≈üemez olduk. Sony, yeni bir kamera duyuracak. √ñzel bir i√ßerik hazƒ±rlamak i√ßin √ßalƒ±≈üƒ±yorum ≈üu anda. #TechTober https://t.co/2MaxNUwpXL"
3,1450399147517956269,"Online or Offline...

...Your Safety and Privacy are Absolutely Guaranteed!

~
https://t.co/6uFTEJpEJq
~
#news #tech #NEWSUPDATE #TechNews #technology #schools #Students #Android #techtober #techtwitter #techtips #techtrends #SurfacePro8 #Windows11 #chromeos #Chromebook #Web #PC"
4,1450398448113573898,"RT @briantong: Thanks to the 65K+ of y'all that came out to watch the @Apple M1 Pro/M1 Max MacBook Pro, AirPods &amp; HomePod mini colors Lives‚Ä¶"
5,1450389656495820810,"RT @OpenForest_: The final week of #Techtober has arrived!

This weeks focus is Crypto Economicsü§ì

Theme #1 is #SmartContract Platforms, AK‚Ä¶"
6,1450371164145012741,"Don't blame the üåû, blame #techtober .
#AppleEvent @Apple
#Pixel6Launch @madebygoogle
#SamsungUnpacked @SamsungMobile
#Huawei @Huawei
#Sony @sonyxperia https://t.co/jpW8oXO3B2"
7,1450364600231370755,"Is the New top spec  16 MacBook Pro faster than the previous 1 ?  
#MacBookPro #MacBookPro2021 #AppleEvent #QuestionOfTheDay #QOTD #mac #computers #macrumor #M1Max #techtober #technology"
8,1450364250619203584,We are 1 day away from DJI unveiling their cinema camera and the start of their trio of releases culminating in their Mavic 3 drone release. #techtober #dji #mavic3
9,1450348923076284426,"Definitely buying this 
#AirPods3 #Apple #techtober https://t.co/boeOq6c2Nz"
0,1450346312038191109,"Someone‚Äôs #Techtember started with a bang! #techhaul #unboxing #tech #haul

https://t.co/37u07kXGYV"
1,1450321001804222464,"RT @briantong: Thanks to the 65K+ of y'all that came out to watch the @Apple M1 Pro/M1 Max MacBook Pro, AirPods &amp; HomePod mini colors Lives‚Ä¶"
2,1450289717065486337,"RT @OpenForest_: The final week of #Techtober has arrived!

This weeks focus is Crypto Economicsü§ì

Theme #1 is #SmartContract Platforms, AK‚Ä¶"
